N54	t1	{sscopa}|{smicro}#{avirgi}|{pvagin,hcompr,rtuber,etrips,udigit,vcuspi,rrottb,tdacs1,tdacs2,tdacn2,tdacn1,znicar,zluxur,zdmomo,zdgigi,zmhuet,zTIL18,zTIL25,zmB735,zTIL11,zTIL01,cserru,telega,atenui,snutan,irugos,sbicol,ppanic,ttrian,hconto,blagur,ccitra,crefra,agerar,achine}	0.429869	0.656086	1.18354
N54	t2	{pvagin,hcompr,rtuber,etrips,udigit,vcuspi,rrottb,tdacs1,tdacs2,tdacn2,tdacn1,znicar,zluxur,zdmomo,zdgigi,zmhuet,zTIL18,zTIL25,zmB735,zTIL11,zTIL01,cserru,telega,atenui,snutan,irugos,sbicol,ppanic,ttrian,hconto,blagur,ccitra,crefra,agerar,achine}|{smicro}#{avirgi}|{sscopa}	0.362786	0.526171	1.18354
N54	t3	{sscopa}|{pvagin,hcompr,rtuber,etrips,udigit,vcuspi,rrottb,tdacs1,tdacs2,tdacn2,tdacn1,znicar,zluxur,zdmomo,zdgigi,zmhuet,zTIL18,zTIL25,zmB735,zTIL11,zTIL01,cserru,telega,atenui,snutan,irugos,sbicol,ppanic,ttrian,hconto,blagur,ccitra,crefra,agerar,achine}#{avirgi}|{smicro}	0.207345	0.00128571	1.18354
N74	t1	{sscopa,smicro}|{avirgi}#{agerar,achine}|{pvagin,hcompr,rtuber,etrips,udigit,vcuspi,rrottb,tdacs1,tdacs2,tdacn2,tdacn1,znicar,zluxur,zdmomo,zdgigi,zmhuet,zTIL18,zTIL25,zmB735,zTIL11,zTIL01,cserru,telega,atenui,snutan,irugos,sbicol,ppanic,ttrian,hconto,blagur,ccitra,crefra}	0.547984	1.32984	2.21033
N74	t2	{pvagin,hcompr,rtuber,etrips,udigit,vcuspi,rrottb,tdacs1,tdacs2,tdacn2,tdacn1,znicar,zluxur,zdmomo,zdgigi,zmhuet,zTIL18,zTIL25,zmB735,zTIL11,zTIL01,cserru,telega,atenui,snutan,irugos,sbicol,ppanic,ttrian,hconto,blagur,ccitra,crefra}|{avirgi}#{agerar,achine}|{sscopa,smicro}	0.175311	0.16353	2.21033
N74	t3	{sscopa,smicro}|{pvagin,hcompr,rtuber,etrips,udigit,vcuspi,rrottb,tdacs1,tdacs2,tdacn2,tdacn1,znicar,zluxur,zdmomo,zdgigi,zmhuet,zTIL18,zTIL25,zmB735,zTIL11,zTIL01,cserru,telega,atenui,snutan,irugos,sbicol,ppanic,ttrian,hconto,blagur,ccitra,crefra}#{agerar,achine}|{avirgi}	0.276705	0.716962	2.21033
N73	t1	{agerar}|{achine}#{sscopa,smicro,avirgi}|{pvagin,hcompr,rtuber,etrips,udigit,vcuspi,rrottb,tdacs1,tdacs2,tdacn2,tdacn1,znicar,zluxur,zdmomo,zdgigi,zmhuet,zTIL18,zTIL25,zmB735,zTIL11,zTIL01,cserru,telega,atenui,snutan,irugos,sbicol,ppanic,ttrian,hconto,blagur,ccitra,crefra}	0.449642	1.56804	3.53186
N73	t2	{pvagin,hcompr,rtuber,etrips,udigit,vcuspi,rrottb,tdacs1,tdacs2,tdacn2,tdacn1,znicar,zluxur,zdmomo,zdgigi,zmhuet,zTIL18,zTIL25,zmB735,zTIL11,zTIL01,cserru,telega,atenui,snutan,irugos,sbicol,ppanic,ttrian,hconto,blagur,ccitra,crefra}|{achine}#{sscopa,smicro,avirgi}|{agerar}	0.263025	0.922111	3.53186
N73	t3	{agerar}|{pvagin,hcompr,rtuber,etrips,udigit,vcuspi,rrottb,tdacs1,tdacs2,tdacn2,tdacn1,znicar,zluxur,zdmomo,zdgigi,zmhuet,zTIL18,zTIL25,zmB735,zTIL11,zTIL01,cserru,telega,atenui,snutan,irugos,sbicol,ppanic,ttrian,hconto,blagur,ccitra,crefra}#{sscopa,smicro,avirgi}|{achine}	0.287334	1.04171	3.53186
N57	t1	{sscopa,smicro,avirgi}|{agerar,achine}#{ccitra,crefra}|{pvagin,hcompr,rtuber,etrips,udigit,vcuspi,rrottb,tdacs1,tdacs2,tdacn2,tdacn1,znicar,zluxur,zdmomo,zdgigi,zmhuet,zTIL18,zTIL25,zmB735,zTIL11,zTIL01,cserru,telega,atenui,snutan,irugos,sbicol,ppanic,ttrian,hconto,blagur}	0.983625	4.36106	4.58175
N57	t2	{pvagin,hcompr,rtuber,etrips,udigit,vcuspi,rrottb,tdacs1,tdacs2,tdacn2,tdacn1,znicar,zluxur,zdmomo,zdgigi,zmhuet,zTIL18,zTIL25,zmB735,zTIL11,zTIL01,cserru,telega,atenui,snutan,irugos,sbicol,ppanic,ttrian,hconto,blagur}|{agerar,achine}#{ccitra,crefra}|{sscopa,smicro,avirgi}	0.00819222	0.111651	4.58175
N57	t3	{sscopa,smicro,avirgi}|{pvagin,hcompr,rtuber,etrips,udigit,vcuspi,rrottb,tdacs1,tdacs2,tdacn2,tdacn1,znicar,zluxur,zdmomo,zdgigi,zmhuet,zTIL18,zTIL25,zmB735,zTIL11,zTIL01,cserru,telega,atenui,snutan,irugos,sbicol,ppanic,ttrian,hconto,blagur}#{ccitra,crefra}|{agerar,achine}	0.00818279	0.10904	4.58175
N53	t1	{ccitra}|{crefra}#{sscopa,smicro,avirgi,agerar,achine}|{pvagin,hcompr,rtuber,etrips,udigit,vcuspi,rrottb,tdacs1,tdacs2,tdacn2,tdacn1,znicar,zluxur,zdmomo,zdgigi,zmhuet,zTIL18,zTIL25,zmB735,zTIL11,zTIL01,cserru,telega,atenui,snutan,irugos,sbicol,ppanic,ttrian,hconto,blagur}	0.995794	5.32486	5.36988
N53	t2	{pvagin,hcompr,rtuber,etrips,udigit,vcuspi,rrottb,tdacs1,tdacs2,tdacn2,tdacn1,znicar,zluxur,zdmomo,zdgigi,zmhuet,zTIL18,zTIL25,zmB735,zTIL11,zTIL01,cserru,telega,atenui,snutan,irugos,sbicol,ppanic,ttrian,hconto,blagur}|{crefra}#{sscopa,smicro,avirgi,agerar,achine}|{ccitra}	0.00210605	0.0260774	5.36988
N53	t3	{ccitra}|{pvagin,hcompr,rtuber,etrips,udigit,vcuspi,rrottb,tdacs1,tdacs2,tdacn2,tdacn1,znicar,zluxur,zdmomo,zdgigi,zmhuet,zTIL18,zTIL25,zmB735,zTIL11,zTIL01,cserru,telega,atenui,snutan,irugos,sbicol,ppanic,ttrian,hconto,blagur}#{sscopa,smicro,avirgi,agerar,achine}|{crefra}	0.00210029	0.0189419	5.36988
N58	t1	{sscopa,smicro,avirgi,agerar,achine}|{ccitra,crefra}#{ttrian,hconto,blagur}|{pvagin,hcompr,rtuber,etrips,udigit,vcuspi,rrottb,tdacs1,tdacs2,tdacn2,tdacn1,znicar,zluxur,zdmomo,zdgigi,zmhuet,zTIL18,zTIL25,zmB735,zTIL11,zTIL01,cserru,telega,atenui,snutan,irugos,sbicol,ppanic}	0.58259	2.66554	5.18185
N58	t2	{pvagin,hcompr,rtuber,etrips,udigit,vcuspi,rrottb,tdacs1,tdacs2,tdacn2,tdacn1,znicar,zluxur,zdmomo,zdgigi,zmhuet,zTIL18,zTIL25,zmB735,zTIL11,zTIL01,cserru,telega,atenui,snutan,irugos,sbicol,ppanic}|{ccitra,crefra}#{ttrian,hconto,blagur}|{sscopa,smicro,avirgi,agerar,achine}	0.159718	0.849029	5.18185
N58	t3	{sscopa,smicro,avirgi,agerar,achine}|{pvagin,hcompr,rtuber,etrips,udigit,vcuspi,rrottb,tdacs1,tdacs2,tdacn2,tdacn1,znicar,zluxur,zdmomo,zdgigi,zmhuet,zTIL18,zTIL25,zmB735,zTIL11,zTIL01,cserru,telega,atenui,snutan,irugos,sbicol,ppanic}#{ttrian,hconto,blagur}|{ccitra,crefra}	0.257693	1.66728	5.18185
N51	t1	{ttrian}|{hconto}#{blagur}|{pvagin,hcompr,rtuber,etrips,udigit,vcuspi,rrottb,tdacs1,tdacs2,tdacn2,tdacn1,znicar,zluxur,zdmomo,zdgigi,zmhuet,zTIL18,zTIL25,zmB735,zTIL11,zTIL01,cserru,telega,atenui,snutan,irugos,sbicol,ppanic,sscopa,smicro,avirgi,agerar,achine,ccitra,crefra}	0.795492	3.60914	5.70394
N51	t2	{pvagin,hcompr,rtuber,etrips,udigit,vcuspi,rrottb,tdacs1,tdacs2,tdacn2,tdacn1,znicar,zluxur,zdmomo,zdgigi,zmhuet,zTIL18,zTIL25,zmB735,zTIL11,zTIL01,cserru,telega,atenui,snutan,irugos,sbicol,ppanic,sscopa,smicro,avirgi,agerar,achine,ccitra,crefra}|{hconto}#{blagur}|{ttrian}	0.11418	1.28311	5.70394
N51	t3	{ttrian}|{pvagin,hcompr,rtuber,etrips,udigit,vcuspi,rrottb,tdacs1,tdacs2,tdacn2,tdacn1,znicar,zluxur,zdmomo,zdgigi,zmhuet,zTIL18,zTIL25,zmB735,zTIL11,zTIL01,cserru,telega,atenui,snutan,irugos,sbicol,ppanic,sscopa,smicro,avirgi,agerar,achine,ccitra,crefra}#{blagur}|{hconto}	0.0903279	0.811686	5.70394
N52	t1	{ttrian,hconto}|{blagur}#{sscopa,smicro,avirgi,agerar,achine,ccitra,crefra}|{pvagin,hcompr,rtuber,etrips,udigit,vcuspi,rrottb,tdacs1,tdacs2,tdacn2,tdacn1,znicar,zluxur,zdmomo,zdgigi,zmhuet,zTIL18,zTIL25,zmB735,zTIL11,zTIL01,cserru,telega,atenui,snutan,irugos,sbicol,ppanic}	0.89208	3.88861	5.34041
N52	t2	{pvagin,hcompr,rtuber,etrips,udigit,vcuspi,rrottb,tdacs1,tdacs2,tdacn2,tdacn1,znicar,zluxur,zdmomo,zdgigi,zmhuet,zTIL18,zTIL25,zmB735,zTIL11,zTIL01,cserru,telega,atenui,snutan,irugos,sbicol,ppanic}|{blagur}#{sscopa,smicro,avirgi,agerar,achine,ccitra,crefra}|{ttrian,hconto}	0.0502894	0.582622	5.34041
N52	t3	{ttrian,hconto}|{pvagin,hcompr,rtuber,etrips,udigit,vcuspi,rrottb,tdacs1,tdacs2,tdacn2,tdacn1,znicar,zluxur,zdmomo,zdgigi,zmhuet,zTIL18,zTIL25,zmB735,zTIL11,zTIL01,cserru,telega,atenui,snutan,irugos,sbicol,ppanic}#{sscopa,smicro,avirgi,agerar,achine,ccitra,crefra}|{blagur}	0.0576303	0.869181	5.34041
N59	t1	{sscopa,smicro,avirgi,agerar,achine,ccitra,crefra}|{ttrian,hconto,blagur}#{ppanic}|{pvagin,hcompr,rtuber,etrips,udigit,vcuspi,rrottb,tdacs1,tdacs2,tdacn2,tdacn1,znicar,zluxur,zdmomo,zdgigi,zmhuet,zTIL18,zTIL25,zmB735,zTIL11,zTIL01,cserru,telega,atenui,snutan,irugos,sbicol}	0.710462	3.17141	5.43984
N59	t2	{pvagin,hcompr,rtuber,etrips,udigit,vcuspi,rrottb,tdacs1,tdacs2,tdacn2,tdacn1,znicar,zluxur,zdmomo,zdgigi,zmhuet,zTIL18,zTIL25,zmB735,zTIL11,zTIL01,cserru,telega,atenui,snutan,irugos,sbicol}|{ttrian,hconto,blagur}#{ppanic}|{sscopa,smicro,avirgi,agerar,achine,ccitra,crefra}	0.128575	0.923795	5.43984
N59	t3	{sscopa,smicro,avirgi,agerar,achine,ccitra,crefra}|{pvagin,hcompr,rtuber,etrips,udigit,vcuspi,rrottb,tdacs1,tdacs2,tdacn2,tdacn1,znicar,zluxur,zdmomo,zdgigi,zmhuet,zTIL18,zTIL25,zmB735,zTIL11,zTIL01,cserru,telega,atenui,snutan,irugos,sbicol}#{ppanic}|{ttrian,hconto,blagur}	0.160963	1.34463	5.43984
N60	t1	{sscopa,smicro,avirgi,agerar,achine,ccitra,crefra,ttrian,hconto,blagur}|{ppanic}#{sbicol}|{pvagin,hcompr,rtuber,etrips,udigit,vcuspi,rrottb,tdacs1,tdacs2,tdacn2,tdacn1,znicar,zluxur,zdmomo,zdgigi,zmhuet,zTIL18,zTIL25,zmB735,zTIL11,zTIL01,cserru,telega,atenui,snutan,irugos}	0.411195	2.3244	5.86175
N60	t2	{pvagin,hcompr,rtuber,etrips,udigit,vcuspi,rrottb,tdacs1,tdacs2,tdacn2,tdacn1,znicar,zluxur,zdmomo,zdgigi,zmhuet,zTIL18,zTIL25,zmB735,zTIL11,zTIL01,cserru,telega,atenui,snutan,irugos}|{ppanic}#{sbicol}|{sscopa,smicro,avirgi,agerar,achine,ccitra,crefra,ttrian,hconto,blagur}	0.361353	2.14519	5.86175
N60	t3	{sscopa,smicro,avirgi,agerar,achine,ccitra,crefra,ttrian,hconto,blagur}|{pvagin,hcompr,rtuber,etrips,udigit,vcuspi,rrottb,tdacs1,tdacs2,tdacn2,tdacn1,znicar,zluxur,zdmomo,zdgigi,zmhuet,zTIL18,zTIL25,zmB735,zTIL11,zTIL01,cserru,telega,atenui,snutan,irugos}#{sbicol}|{ppanic}	0.227452	1.39216	5.86175
N61	t1	{sscopa,smicro,avirgi,agerar,achine,ccitra,crefra,ttrian,hconto,blagur,ppanic}|{sbicol}#{irugos}|{pvagin,hcompr,rtuber,etrips,udigit,vcuspi,rrottb,tdacs1,tdacs2,tdacn2,tdacn1,znicar,zluxur,zdmomo,zdgigi,zmhuet,zTIL18,zTIL25,zmB735,zTIL11,zTIL01,cserru,telega,atenui,snutan}	0.442811	2.45581	5.97077
N61	t2	{pvagin,hcompr,rtuber,etrips,udigit,vcuspi,rrottb,tdacs1,tdacs2,tdacn2,tdacn1,znicar,zluxur,zdmomo,zdgigi,zmhuet,zTIL18,zTIL25,zmB735,zTIL11,zTIL01,cserru,telega,atenui,snutan}|{sbicol}#{irugos}|{sscopa,smicro,avirgi,agerar,achine,ccitra,crefra,ttrian,hconto,blagur,ppanic}	0.308554	1.93776	5.97077
N61	t3	{sscopa,smicro,avirgi,agerar,achine,ccitra,crefra,ttrian,hconto,blagur,ppanic}|{pvagin,hcompr,rtuber,etrips,udigit,vcuspi,rrottb,tdacs1,tdacs2,tdacn2,tdacn1,znicar,zluxur,zdmomo,zdgigi,zmhuet,zTIL18,zTIL25,zmB735,zTIL11,zTIL01,cserru,telega,atenui,snutan}#{irugos}|{sbicol}	0.248635	1.5772	5.97077
N62	t1	{sscopa,smicro,avirgi,agerar,achine,ccitra,crefra,ttrian,hconto,blagur,ppanic,sbicol}|{irugos}#{snutan}|{pvagin,hcompr,rtuber,etrips,udigit,vcuspi,rrottb,tdacs1,tdacs2,tdacn2,tdacn1,znicar,zluxur,zdmomo,zdgigi,zmhuet,zTIL18,zTIL25,zmB735,zTIL11,zTIL01,cserru,telega,atenui}	0.345672	1.82228	5.30557
N62	t2	{pvagin,hcompr,rtuber,etrips,udigit,vcuspi,rrottb,tdacs1,tdacs2,tdacn2,tdacn1,znicar,zluxur,zdmomo,zdgigi,zmhuet,zTIL18,zTIL25,zmB735,zTIL11,zTIL01,cserru,telega,atenui}|{irugos}#{snutan}|{sscopa,smicro,avirgi,agerar,achine,ccitra,crefra,ttrian,hconto,blagur,ppanic,sbicol}	0.322457	1.72031	5.30557
N62	t3	{sscopa,smicro,avirgi,agerar,achine,ccitra,crefra,ttrian,hconto,blagur,ppanic,sbicol}|{pvagin,hcompr,rtuber,etrips,udigit,vcuspi,rrottb,tdacs1,tdacs2,tdacn2,tdacn1,znicar,zluxur,zdmomo,zdgigi,zmhuet,zTIL18,zTIL25,zmB735,zTIL11,zTIL01,cserru,telega,atenui}#{snutan}|{irugos}	0.331872	1.76298	5.30557
N63	t1	{sscopa,smicro,avirgi,agerar,achine,ccitra,crefra,ttrian,hconto,blagur,ppanic,sbicol,irugos}|{snutan}#{atenui}|{pvagin,hcompr,rtuber,etrips,udigit,vcuspi,rrottb,tdacs1,tdacs2,tdacn2,tdacn1,znicar,zluxur,zdmomo,zdgigi,zmhuet,zTIL18,zTIL25,zmB735,zTIL11,zTIL01,cserru,telega}	0.457112	2.29374	5.36186
N63	t2	{pvagin,hcompr,rtuber,etrips,udigit,vcuspi,rrottb,tdacs1,tdacs2,tdacn2,tdacn1,znicar,zluxur,zdmomo,zdgigi,zmhuet,zTIL18,zTIL25,zmB735,zTIL11,zTIL01,cserru,telega}|{snutan}#{atenui}|{sscopa,smicro,avirgi,agerar,achine,ccitra,crefra,ttrian,hconto,blagur,ppanic,sbicol,irugos}	0.314947	1.79452	5.36186
N63	t3	{sscopa,smicro,avirgi,agerar,achine,ccitra,crefra,ttrian,hconto,blagur,ppanic,sbicol,irugos}|{pvagin,hcompr,rtuber,etrips,udigit,vcuspi,rrottb,tdacs1,tdacs2,tdacn2,tdacn1,znicar,zluxur,zdmomo,zdgigi,zmhuet,zTIL18,zTIL25,zmB735,zTIL11,zTIL01,cserru,telega}#{atenui}|{snutan}	0.227941	1.27361	5.36186
N64	t1	{sscopa,smicro,avirgi,agerar,achine,ccitra,crefra,ttrian,hconto,blagur,ppanic,sbicol,irugos,snutan}|{atenui}#{cserru,telega}|{pvagin,hcompr,rtuber,etrips,udigit,vcuspi,rrottb,tdacs1,tdacs2,tdacn2,tdacn1,znicar,zluxur,zdmomo,zdgigi,zmhuet,zTIL18,zTIL25,zmB735,zTIL11,zTIL01}	0.775341	3.60507	5.87739
N64	t2	{pvagin,hcompr,rtuber,etrips,udigit,vcuspi,rrottb,tdacs1,tdacs2,tdacn2,tdacn1,znicar,zluxur,zdmomo,zdgigi,zmhuet,zTIL18,zTIL25,zmB735,zTIL11,zTIL01}|{atenui}#{cserru,telega}|{sscopa,smicro,avirgi,agerar,achine,ccitra,crefra,ttrian,hconto,blagur,ppanic,sbicol,irugos,snutan}	0.123115	1.32995	5.87739
N64	t3	{sscopa,smicro,avirgi,agerar,achine,ccitra,crefra,ttrian,hconto,blagur,ppanic,sbicol,irugos,snutan}|{pvagin,hcompr,rtuber,etrips,udigit,vcuspi,rrottb,tdacs1,tdacs2,tdacn2,tdacn1,znicar,zluxur,zdmomo,zdgigi,zmhuet,zTIL18,zTIL25,zmB735,zTIL11,zTIL01}#{cserru,telega}|{atenui}	0.101545	0.942376	5.87739
N50	t1	{cserru}|{telega}#{sscopa,smicro,avirgi,agerar,achine,ccitra,crefra,ttrian,hconto,blagur,ppanic,sbicol,irugos,snutan,atenui}|{pvagin,hcompr,rtuber,etrips,udigit,vcuspi,rrottb,tdacs1,tdacs2,tdacn2,tdacn1,znicar,zluxur,zdmomo,zdgigi,zmhuet,zTIL18,zTIL25,zmB735,zTIL11,zTIL01}	0.738509	3.39819	5.74022
N50	t2	{pvagin,hcompr,rtuber,etrips,udigit,vcuspi,rrottb,tdacs1,tdacs2,tdacn2,tdacn1,znicar,zluxur,zdmomo,zdgigi,zmhuet,zTIL18,zTIL25,zmB735,zTIL11,zTIL01}|{telega}#{sscopa,smicro,avirgi,agerar,achine,ccitra,crefra,ttrian,hconto,blagur,ppanic,sbicol,irugos,snutan,atenui}|{cserru}	0.125818	1.09756	5.74022
N50	t3	{cserru}|{pvagin,hcompr,rtuber,etrips,udigit,vcuspi,rrottb,tdacs1,tdacs2,tdacn2,tdacn1,znicar,zluxur,zdmomo,zdgigi,zmhuet,zTIL18,zTIL25,zmB735,zTIL11,zTIL01}#{sscopa,smicro,avirgi,agerar,achine,ccitra,crefra,ttrian,hconto,blagur,ppanic,sbicol,irugos,snutan,atenui}|{telega}	0.135674	1.24447	5.74022
N65	t1	{sscopa,smicro,avirgi,agerar,achine,ccitra,crefra,ttrian,hconto,blagur,ppanic,sbicol,irugos,snutan,atenui}|{cserru,telega}#{hcompr,rtuber,etrips,udigit,vcuspi,rrottb,tdacs1,tdacs2,tdacn2,tdacn1,znicar,zluxur,zdmomo,zdgigi,zmhuet,zTIL18,zTIL25,zmB735,zTIL11,zTIL01}|{pvagin}	0.612186	2.95757	5.74054
N65	t2	{pvagin}|{cserru,telega}#{hcompr,rtuber,etrips,udigit,vcuspi,rrottb,tdacs1,tdacs2,tdacn2,tdacn1,znicar,zluxur,zdmomo,zdgigi,zmhuet,zTIL18,zTIL25,zmB735,zTIL11,zTIL01}|{sscopa,smicro,avirgi,agerar,achine,ccitra,crefra,ttrian,hconto,blagur,ppanic,sbicol,irugos,snutan,atenui}	0.201564	1.46313	5.74054
N65	t3	{sscopa,smicro,avirgi,agerar,achine,ccitra,crefra,ttrian,hconto,blagur,ppanic,sbicol,irugos,snutan,atenui}|{pvagin}#{hcompr,rtuber,etrips,udigit,vcuspi,rrottb,tdacs1,tdacs2,tdacn2,tdacn1,znicar,zluxur,zdmomo,zdgigi,zmhuet,zTIL18,zTIL25,zmB735,zTIL11,zTIL01}|{cserru,telega}	0.186251	1.31985	5.74054
N48	t1	{hcompr}|{rtuber}#{etrips}|{pvagin,sscopa,smicro,avirgi,agerar,achine,ccitra,crefra,ttrian,hconto,blagur,ppanic,sbicol,irugos,snutan,atenui,cserru,telega,udigit,vcuspi,rrottb,tdacs1,tdacs2,tdacn2,tdacn1,znicar,zluxur,zdmomo,zdgigi,zmhuet,zTIL18,zTIL25,zmB735,zTIL11,zTIL01}	0.905307	3.62297	4.67529
N48	t2	{pvagin,sscopa,smicro,avirgi,agerar,achine,ccitra,crefra,ttrian,hconto,blagur,ppanic,sbicol,irugos,snutan,atenui,cserru,telega,udigit,vcuspi,rrottb,tdacs1,tdacs2,tdacn2,tdacn1,znicar,zluxur,zdmomo,zdgigi,zmhuet,zTIL18,zTIL25,zmB735,zTIL11,zTIL01}|{rtuber}#{etrips}|{hcompr}	0.0476041	0.537114	4.67529
N48	t3	{hcompr}|{pvagin,sscopa,smicro,avirgi,agerar,achine,ccitra,crefra,ttrian,hconto,blagur,ppanic,sbicol,irugos,snutan,atenui,cserru,telega,udigit,vcuspi,rrottb,tdacs1,tdacs2,tdacn2,tdacn1,znicar,zluxur,zdmomo,zdgigi,zmhuet,zTIL18,zTIL25,zmB735,zTIL11,zTIL01}#{etrips}|{rtuber}	0.0470888	0.5152	4.67529
N49	t1	{hcompr,rtuber}|{etrips}#{udigit,vcuspi,rrottb,tdacs1,tdacs2,tdacn2,tdacn1,znicar,zluxur,zdmomo,zdgigi,zmhuet,zTIL18,zTIL25,zmB735,zTIL11,zTIL01}|{pvagin,sscopa,smicro,avirgi,agerar,achine,ccitra,crefra,ttrian,hconto,blagur,ppanic,sbicol,irugos,snutan,atenui,cserru,telega}	0.571111	2.54684	5.06798
N49	t2	{pvagin,sscopa,smicro,avirgi,agerar,achine,ccitra,crefra,ttrian,hconto,blagur,ppanic,sbicol,irugos,snutan,atenui,cserru,telega}|{etrips}#{udigit,vcuspi,rrottb,tdacs1,tdacs2,tdacn2,tdacn1,znicar,zluxur,zdmomo,zdgigi,zmhuet,zTIL18,zTIL25,zmB735,zTIL11,zTIL01}|{hcompr,rtuber}	0.218435	1.29186	5.06798
N49	t3	{hcompr,rtuber}|{pvagin,sscopa,smicro,avirgi,agerar,achine,ccitra,crefra,ttrian,hconto,blagur,ppanic,sbicol,irugos,snutan,atenui,cserru,telega}#{udigit,vcuspi,rrottb,tdacs1,tdacs2,tdacn2,tdacn1,znicar,zluxur,zdmomo,zdgigi,zmhuet,zTIL18,zTIL25,zmB735,zTIL11,zTIL01}|{etrips}	0.210454	1.22928	5.06798
N46	t1	{udigit}|{vcuspi}#{rrottb}|{pvagin,sscopa,smicro,avirgi,agerar,achine,ccitra,crefra,ttrian,hconto,blagur,ppanic,sbicol,irugos,snutan,atenui,cserru,telega,hcompr,rtuber,etrips,tdacs1,tdacs2,tdacn2,tdacn1,znicar,zluxur,zdmomo,zdgigi,zmhuet,zTIL18,zTIL25,zmB735,zTIL11,zTIL01}	0.414617	2.39906	6.03291
N46	t2	{pvagin,sscopa,smicro,avirgi,agerar,achine,ccitra,crefra,ttrian,hconto,blagur,ppanic,sbicol,irugos,snutan,atenui,cserru,telega,hcompr,rtuber,etrips,tdacs1,tdacs2,tdacn2,tdacn1,znicar,zluxur,zdmomo,zdgigi,zmhuet,zTIL18,zTIL25,zmB735,zTIL11,zTIL01}|{vcuspi}#{rrottb}|{udigit}	0.226613	1.43777	6.03291
N46	t3	{udigit}|{pvagin,sscopa,smicro,avirgi,agerar,achine,ccitra,crefra,ttrian,hconto,blagur,ppanic,sbicol,irugos,snutan,atenui,cserru,telega,hcompr,rtuber,etrips,tdacs1,tdacs2,tdacn2,tdacn1,znicar,zluxur,zdmomo,zdgigi,zmhuet,zTIL18,zTIL25,zmB735,zTIL11,zTIL01}#{rrottb}|{vcuspi}	0.35877	2.19609	6.03291
N47	t1	{udigit,vcuspi}|{rrottb}#{tdacs1,tdacs2,tdacn2,tdacn1,znicar,zluxur,zdmomo,zdgigi,zmhuet,zTIL18,zTIL25,zmB735,zTIL11,zTIL01}|{pvagin,sscopa,smicro,avirgi,agerar,achine,ccitra,crefra,ttrian,hconto,blagur,ppanic,sbicol,irugos,snutan,atenui,cserru,telega,hcompr,rtuber,etrips}	0.519843	2.71119	5.88407
N47	t2	{pvagin,sscopa,smicro,avirgi,agerar,achine,ccitra,crefra,ttrian,hconto,blagur,ppanic,sbicol,irugos,snutan,atenui,cserru,telega,hcompr,rtuber,etrips}|{rrottb}#{tdacs1,tdacs2,tdacn2,tdacn1,znicar,zluxur,zdmomo,zdgigi,zmhuet,zTIL18,zTIL25,zmB735,zTIL11,zTIL01}|{udigit,vcuspi}	0.275024	1.84153	5.88407
N47	t3	{udigit,vcuspi}|{pvagin,sscopa,smicro,avirgi,agerar,achine,ccitra,crefra,ttrian,hconto,blagur,ppanic,sbicol,irugos,snutan,atenui,cserru,telega,hcompr,rtuber,etrips}#{tdacs1,tdacs2,tdacn2,tdacn1,znicar,zluxur,zdmomo,zdgigi,zmhuet,zTIL18,zTIL25,zmB735,zTIL11,zTIL01}|{rrottb}	0.205133	1.33135	5.88407
N43	t1	{tdacs1}|{tdacs2}#{tdacn2}|{pvagin,sscopa,smicro,avirgi,agerar,achine,ccitra,crefra,ttrian,hconto,blagur,ppanic,sbicol,irugos,snutan,atenui,cserru,telega,hcompr,rtuber,etrips,udigit,vcuspi,rrottb,znicar,zluxur,zdmomo,zdgigi,zmhuet,zTIL18,zTIL25,zmB735,zTIL11,zTIL01,tdacn1}	0.445838	3.41243	8.52951
N43	t2	{pvagin,sscopa,smicro,avirgi,agerar,achine,ccitra,crefra,ttrian,hconto,blagur,ppanic,sbicol,irugos,snutan,atenui,cserru,telega,hcompr,rtuber,etrips,udigit,vcuspi,rrottb,znicar,zluxur,zdmomo,zdgigi,zmhuet,zTIL18,zTIL25,zmB735,zTIL11,zTIL01,tdacn1}|{tdacs2}#{tdacn2}|{tdacs1}	0.233654	2.24909	8.52951
N43	t3	{tdacs1}|{pvagin,sscopa,smicro,avirgi,agerar,achine,ccitra,crefra,ttrian,hconto,blagur,ppanic,sbicol,irugos,snutan,atenui,cserru,telega,hcompr,rtuber,etrips,udigit,vcuspi,rrottb,znicar,zluxur,zdmomo,zdgigi,zmhuet,zTIL18,zTIL25,zmB735,zTIL11,zTIL01,tdacn1}#{tdacn2}|{tdacs2}	0.320508	2.868	8.52951
N44	t1	{tdacs1,tdacs2}|{tdacn2}#{tdacn1}|{pvagin,sscopa,smicro,avirgi,agerar,achine,ccitra,crefra,ttrian,hconto,blagur,ppanic,sbicol,irugos,snutan,atenui,cserru,telega,hcompr,rtuber,etrips,udigit,vcuspi,rrottb,znicar,zluxur,zdmomo,zdgigi,zmhuet,zTIL18,zTIL25,zmB735,zTIL11,zTIL01}	0.658482	4.57196	8.45904
N44	t2	{pvagin,sscopa,smicro,avirgi,agerar,achine,ccitra,crefra,ttrian,hconto,blagur,ppanic,sbicol,irugos,snutan,atenui,cserru,telega,hcompr,rtuber,etrips,udigit,vcuspi,rrottb,znicar,zluxur,zdmomo,zdgigi,zmhuet,zTIL18,zTIL25,zmB735,zTIL11,zTIL01}|{tdacn2}#{tdacn1}|{tdacs1,tdacs2}	0.273912	3.49237	8.45904
N44	t3	{tdacs1,tdacs2}|{pvagin,sscopa,smicro,avirgi,agerar,achine,ccitra,crefra,ttrian,hconto,blagur,ppanic,sbicol,irugos,snutan,atenui,cserru,telega,hcompr,rtuber,etrips,udigit,vcuspi,rrottb,znicar,zluxur,zdmomo,zdgigi,zmhuet,zTIL18,zTIL25,zmB735,zTIL11,zTIL01}#{tdacn1}|{tdacn2}	0.067605	0.394721	8.45904
N45	t1	{tdacs1,tdacs2,tdacn2}|{tdacn1}#{znicar,zluxur,zdmomo,zdgigi,zmhuet,zTIL18,zTIL25,zmB735,zTIL11,zTIL01}|{pvagin,sscopa,smicro,avirgi,agerar,achine,ccitra,crefra,ttrian,hconto,blagur,ppanic,sbicol,irugos,snutan,atenui,cserru,telega,hcompr,rtuber,etrips,udigit,vcuspi,rrottb}	0.99956	7.47772	7.56318
N45	t2	{pvagin,sscopa,smicro,avirgi,agerar,achine,ccitra,crefra,ttrian,hconto,blagur,ppanic,sbicol,irugos,snutan,atenui,cserru,telega,hcompr,rtuber,etrips,udigit,vcuspi,rrottb}|{tdacn1}#{znicar,zluxur,zdmomo,zdgigi,zmhuet,zTIL18,zTIL25,zmB735,zTIL11,zTIL01}|{tdacs1,tdacs2,tdacn2}	0.000220666	0.0510014	7.56318
N45	t3	{tdacs1,tdacs2,tdacn2}|{pvagin,sscopa,smicro,avirgi,agerar,achine,ccitra,crefra,ttrian,hconto,blagur,ppanic,sbicol,irugos,snutan,atenui,cserru,telega,hcompr,rtuber,etrips,udigit,vcuspi,rrottb}#{znicar,zluxur,zdmomo,zdgigi,zmhuet,zTIL18,zTIL25,zmB735,zTIL11,zTIL01}|{tdacn1}	0.000219578	0.0344542	7.56318
N42	t1	{znicar}|{zluxur}#{zdmomo,zdgigi,zmhuet,zTIL18,zTIL25,zmB735,zTIL11,zTIL01}|{pvagin,sscopa,smicro,avirgi,agerar,achine,ccitra,crefra,ttrian,hconto,blagur,ppanic,sbicol,irugos,snutan,atenui,cserru,telega,hcompr,rtuber,etrips,udigit,vcuspi,rrottb,tdacs1,tdacs2,tdacn2,tdacn1}	0.989203	6.2371	7.47121
N42	t2	{pvagin,sscopa,smicro,avirgi,agerar,achine,ccitra,crefra,ttrian,hconto,blagur,ppanic,sbicol,irugos,snutan,atenui,cserru,telega,hcompr,rtuber,etrips,udigit,vcuspi,rrottb,tdacs1,tdacs2,tdacn2,tdacn1}|{zluxur}#{zdmomo,zdgigi,zmhuet,zTIL18,zTIL25,zmB735,zTIL11,zTIL01}|{znicar}	0.00537398	0.603951	7.47121
N42	t3	{znicar}|{pvagin,sscopa,smicro,avirgi,agerar,achine,ccitra,crefra,ttrian,hconto,blagur,ppanic,sbicol,irugos,snutan,atenui,cserru,telega,hcompr,rtuber,etrips,udigit,vcuspi,rrottb,tdacs1,tdacs2,tdacn2,tdacn1}#{zdmomo,zdgigi,zmhuet,zTIL18,zTIL25,zmB735,zTIL11,zTIL01}|{zluxur}	0.00542297	0.630165	7.47121
N72	t1	{zdmomo}|{zdgigi}#{zmhuet,zTIL18,zTIL25,zmB735,zTIL11,zTIL01}|{pvagin,sscopa,smicro,avirgi,agerar,achine,ccitra,crefra,ttrian,hconto,blagur,ppanic,sbicol,irugos,snutan,atenui,cserru,telega,hcompr,rtuber,etrips,udigit,vcuspi,rrottb,tdacs1,tdacs2,tdacn2,tdacn1,znicar,zluxur}	0.971912	5.6325	7.22179
N72	t2	{pvagin,sscopa,smicro,avirgi,agerar,achine,ccitra,crefra,ttrian,hconto,blagur,ppanic,sbicol,irugos,snutan,atenui,cserru,telega,hcompr,rtuber,etrips,udigit,vcuspi,rrottb,tdacs1,tdacs2,tdacn2,tdacn1,znicar,zluxur}|{zdgigi}#{zmhuet,zTIL18,zTIL25,zmB735,zTIL11,zTIL01}|{zdmomo}	0.014046	0.795067	7.22179
N72	t3	{zdmomo}|{pvagin,sscopa,smicro,avirgi,agerar,achine,ccitra,crefra,ttrian,hconto,blagur,ppanic,sbicol,irugos,snutan,atenui,cserru,telega,hcompr,rtuber,etrips,udigit,vcuspi,rrottb,tdacs1,tdacs2,tdacn2,tdacn1,znicar,zluxur}#{zmhuet,zTIL18,zTIL25,zmB735,zTIL11,zTIL01}|{zdgigi}	0.0140416	0.794228	7.22179
N37	t1	{zTIL18}|{zTIL25}#{zmB735,zTIL11,zTIL01}|{pvagin,sscopa,smicro,avirgi,agerar,achine,ccitra,crefra,ttrian,hconto,blagur,ppanic,sbicol,irugos,snutan,atenui,cserru,telega,hcompr,rtuber,etrips,udigit,vcuspi,rrottb,tdacs1,tdacs2,tdacn2,tdacn1,znicar,zluxur,zdmomo,zdgigi,zmhuet}	0.383122	2.89257	7.93388
N37	t2	{pvagin,sscopa,smicro,avirgi,agerar,achine,ccitra,crefra,ttrian,hconto,blagur,ppanic,sbicol,irugos,snutan,atenui,cserru,telega,hcompr,rtuber,etrips,udigit,vcuspi,rrottb,tdacs1,tdacs2,tdacn2,tdacn1,znicar,zluxur,zdmomo,zdgigi,zmhuet}|{zTIL25}#{zmB735,zTIL11,zTIL01}|{zTIL18}	0.303803	2.49337	7.93388
N37	t3	{zTIL18}|{pvagin,sscopa,smicro,avirgi,agerar,achine,ccitra,crefra,ttrian,hconto,blagur,ppanic,sbicol,irugos,snutan,atenui,cserru,telega,hcompr,rtuber,etrips,udigit,vcuspi,rrottb,tdacs1,tdacs2,tdacn2,tdacn1,znicar,zluxur,zdmomo,zdgigi,zmhuet}#{zmB735,zTIL11,zTIL01}|{zTIL25}	0.313076	2.54794	7.93388
N38	t1	{zTIL11}|{zTIL01}#{zmB735}|{pvagin,sscopa,smicro,avirgi,agerar,achine,ccitra,crefra,ttrian,hconto,blagur,ppanic,sbicol,irugos,snutan,atenui,cserru,telega,hcompr,rtuber,etrips,udigit,vcuspi,rrottb,tdacs1,tdacs2,tdacn2,tdacn1,znicar,zluxur,zdmomo,zdgigi,zmhuet,zTIL18,zTIL25}	0.34824	2.74851	8.01246
N38	t2	{pvagin,sscopa,smicro,avirgi,agerar,achine,ccitra,crefra,ttrian,hconto,blagur,ppanic,sbicol,irugos,snutan,atenui,cserru,telega,hcompr,rtuber,etrips,udigit,vcuspi,rrottb,tdacs1,tdacs2,tdacn2,tdacn1,znicar,zluxur,zdmomo,zdgigi,zmhuet,zTIL18,zTIL25}|{zTIL01}#{zmB735}|{zTIL11}	0.333484	2.67343	8.01246
N38	t3	{zTIL11}|{pvagin,sscopa,smicro,avirgi,agerar,achine,ccitra,crefra,ttrian,hconto,blagur,ppanic,sbicol,irugos,snutan,atenui,cserru,telega,hcompr,rtuber,etrips,udigit,vcuspi,rrottb,tdacs1,tdacs2,tdacn2,tdacn1,znicar,zluxur,zdmomo,zdgigi,zmhuet,zTIL18,zTIL25}#{zmB735}|{zTIL01}	0.318275	2.59051	8.01246
N39	t1	{zmB735}|{zTIL11,zTIL01}#{zTIL18,zTIL25}|{pvagin,sscopa,smicro,avirgi,agerar,achine,ccitra,crefra,ttrian,hconto,blagur,ppanic,sbicol,irugos,snutan,atenui,cserru,telega,hcompr,rtuber,etrips,udigit,vcuspi,rrottb,tdacs1,tdacs2,tdacn2,tdacn1,znicar,zluxur,zdmomo,zdgigi,zmhuet}	0.454852	3.21888	7.93438
N39	t2	{pvagin,sscopa,smicro,avirgi,agerar,achine,ccitra,crefra,ttrian,hconto,blagur,ppanic,sbicol,irugos,snutan,atenui,cserru,telega,hcompr,rtuber,etrips,udigit,vcuspi,rrottb,tdacs1,tdacs2,tdacn2,tdacn1,znicar,zluxur,zdmomo,zdgigi,zmhuet}|{zTIL11,zTIL01}#{zTIL18,zTIL25}|{zmB735}	0.293672	2.50548	7.93438
N39	t3	{zmB735}|{pvagin,sscopa,smicro,avirgi,agerar,achine,ccitra,crefra,ttrian,hconto,blagur,ppanic,sbicol,irugos,snutan,atenui,cserru,telega,hcompr,rtuber,etrips,udigit,vcuspi,rrottb,tdacs1,tdacs2,tdacn2,tdacn1,znicar,zluxur,zdmomo,zdgigi,zmhuet}#{zTIL18,zTIL25}|{zTIL11,zTIL01}	0.251477	2.21002	7.93438
N40	t1	{zTIL18,zTIL25}|{zmB735,zTIL11,zTIL01}#{zmhuet}|{pvagin,sscopa,smicro,avirgi,agerar,achine,ccitra,crefra,ttrian,hconto,blagur,ppanic,sbicol,irugos,snutan,atenui,cserru,telega,hcompr,rtuber,etrips,udigit,vcuspi,rrottb,tdacs1,tdacs2,tdacn2,tdacn1,znicar,zluxur,zdmomo,zdgigi}	0.412203	2.99878	7.84948
N40	t2	{pvagin,sscopa,smicro,avirgi,agerar,achine,ccitra,crefra,ttrian,hconto,blagur,ppanic,sbicol,irugos,snutan,atenui,cserru,telega,hcompr,rtuber,etrips,udigit,vcuspi,rrottb,tdacs1,tdacs2,tdacn2,tdacn1,znicar,zluxur,zdmomo,zdgigi}|{zmB735,zTIL11,zTIL01}#{zmhuet}|{zTIL18,zTIL25}	0.30786	2.51298	7.84948
N40	t3	{zTIL18,zTIL25}|{pvagin,sscopa,smicro,avirgi,agerar,achine,ccitra,crefra,ttrian,hconto,blagur,ppanic,sbicol,irugos,snutan,atenui,cserru,telega,hcompr,rtuber,etrips,udigit,vcuspi,rrottb,tdacs1,tdacs2,tdacn2,tdacn1,znicar,zluxur,zdmomo,zdgigi}#{zmhuet}|{zmB735,zTIL11,zTIL01}	0.279937	2.33772	7.84948
N41	t1	{zmhuet}|{zTIL18,zTIL25,zmB735,zTIL11,zTIL01}#{zdmomo,zdgigi}|{pvagin,sscopa,smicro,avirgi,agerar,achine,ccitra,crefra,ttrian,hconto,blagur,ppanic,sbicol,irugos,snutan,atenui,cserru,telega,hcompr,rtuber,etrips,udigit,vcuspi,rrottb,tdacs1,tdacs2,tdacn2,tdacn1,znicar,zluxur}	0.70119	4.0156	7.49832
N41	t2	{pvagin,sscopa,smicro,avirgi,agerar,achine,ccitra,crefra,ttrian,hconto,blagur,ppanic,sbicol,irugos,snutan,atenui,cserru,telega,hcompr,rtuber,etrips,udigit,vcuspi,rrottb,tdacs1,tdacs2,tdacn2,tdacn1,znicar,zluxur}|{zTIL18,zTIL25,zmB735,zTIL11,zTIL01}#{zdmomo,zdgigi}|{zmhuet}	0.150554	1.75784	7.49832
N41	t3	{zmhuet}|{pvagin,sscopa,smicro,avirgi,agerar,achine,ccitra,crefra,ttrian,hconto,blagur,ppanic,sbicol,irugos,snutan,atenui,cserru,telega,hcompr,rtuber,etrips,udigit,vcuspi,rrottb,tdacs1,tdacs2,tdacn2,tdacn1,znicar,zluxur}#{zdmomo,zdgigi}|{zTIL18,zTIL25,zmB735,zTIL11,zTIL01}	0.148256	1.72489	7.49832
N71	t1	{zdmomo,zdgigi}|{zmhuet,zTIL18,zTIL25,zmB735,zTIL11,zTIL01}#{znicar,zluxur}|{pvagin,sscopa,smicro,avirgi,agerar,achine,ccitra,crefra,ttrian,hconto,blagur,ppanic,sbicol,irugos,snutan,atenui,cserru,telega,hcompr,rtuber,etrips,udigit,vcuspi,rrottb,tdacs1,tdacs2,tdacn2,tdacn1}	0.362402	2.59207	7.32216
N71	t2	{pvagin,sscopa,smicro,avirgi,agerar,achine,ccitra,crefra,ttrian,hconto,blagur,ppanic,sbicol,irugos,snutan,atenui,cserru,telega,hcompr,rtuber,etrips,udigit,vcuspi,rrottb,tdacs1,tdacs2,tdacn2,tdacn1}|{zmhuet,zTIL18,zTIL25,zmB735,zTIL11,zTIL01}#{znicar,zluxur}|{zdmomo,zdgigi}	0.286321	2.18855	7.32216
N71	t3	{zdmomo,zdgigi}|{pvagin,sscopa,smicro,avirgi,agerar,achine,ccitra,crefra,ttrian,hconto,blagur,ppanic,sbicol,irugos,snutan,atenui,cserru,telega,hcompr,rtuber,etrips,udigit,vcuspi,rrottb,tdacs1,tdacs2,tdacn2,tdacn1}#{znicar,zluxur}|{zmhuet,zTIL18,zTIL25,zmB735,zTIL11,zTIL01}	0.351277	2.54154	7.32216
N70	t1	{znicar,zluxur}|{zdmomo,zdgigi,zmhuet,zTIL18,zTIL25,zmB735,zTIL11,zTIL01}#{tdacs1,tdacs2,tdacn2,tdacn1}|{pvagin,sscopa,smicro,avirgi,agerar,achine,ccitra,crefra,ttrian,hconto,blagur,ppanic,sbicol,irugos,snutan,atenui,cserru,telega,hcompr,rtuber,etrips,udigit,vcuspi,rrottb}	0.999559	7.3928	7.43891
N70	t2	{pvagin,sscopa,smicro,avirgi,agerar,achine,ccitra,crefra,ttrian,hconto,blagur,ppanic,sbicol,irugos,snutan,atenui,cserru,telega,hcompr,rtuber,etrips,udigit,vcuspi,rrottb}|{zdmomo,zdgigi,zmhuet,zTIL18,zTIL25,zmB735,zTIL11,zTIL01}#{tdacs1,tdacs2,tdacn2,tdacn1}|{znicar,zluxur}	0.00022059	0.0225872	7.43891
N70	t3	{znicar,zluxur}|{pvagin,sscopa,smicro,avirgi,agerar,achine,ccitra,crefra,ttrian,hconto,blagur,ppanic,sbicol,irugos,snutan,atenui,cserru,telega,hcompr,rtuber,etrips,udigit,vcuspi,rrottb}#{tdacs1,tdacs2,tdacn2,tdacn1}|{zdmomo,zdgigi,zmhuet,zTIL18,zTIL25,zmB735,zTIL11,zTIL01}	0.000220652	0.0235195	7.43891
N69	t1	{tdacs1,tdacs2,tdacn2,tdacn1}|{znicar,zluxur,zdmomo,zdgigi,zmhuet,zTIL18,zTIL25,zmB735,zTIL11,zTIL01}#{udigit,vcuspi,rrottb}|{pvagin,sscopa,smicro,avirgi,agerar,achine,ccitra,crefra,ttrian,hconto,blagur,ppanic,sbicol,irugos,snutan,atenui,cserru,telega,hcompr,rtuber,etrips}	0.99652	5.76619	5.95502
N69	t2	{pvagin,sscopa,smicro,avirgi,agerar,achine,ccitra,crefra,ttrian,hconto,blagur,ppanic,sbicol,irugos,snutan,atenui,cserru,telega,hcompr,rtuber,etrips}|{znicar,zluxur,zdmomo,zdgigi,zmhuet,zTIL18,zTIL25,zmB735,zTIL11,zTIL01}#{udigit,vcuspi,rrottb}|{tdacs1,tdacs2,tdacn2,tdacn1}	0.00173447	0.0859651	5.95502
N69	t3	{tdacs1,tdacs2,tdacn2,tdacn1}|{pvagin,sscopa,smicro,avirgi,agerar,achine,ccitra,crefra,ttrian,hconto,blagur,ppanic,sbicol,irugos,snutan,atenui,cserru,telega,hcompr,rtuber,etrips}#{udigit,vcuspi,rrottb}|{znicar,zluxur,zdmomo,zdgigi,zmhuet,zTIL18,zTIL25,zmB735,zTIL11,zTIL01}	0.00174514	0.102864	5.95502
N68	t1	{udigit,vcuspi,rrottb}|{tdacs1,tdacs2,tdacn2,tdacn1,znicar,zluxur,zdmomo,zdgigi,zmhuet,zTIL18,zTIL25,zmB735,zTIL11,zTIL01}#{hcompr,rtuber,etrips}|{pvagin,sscopa,smicro,avirgi,agerar,achine,ccitra,crefra,ttrian,hconto,blagur,ppanic,sbicol,irugos,snutan,atenui,cserru,telega}	0.76067	3.30551	5.34363
N68	t2	{pvagin,sscopa,smicro,avirgi,agerar,achine,ccitra,crefra,ttrian,hconto,blagur,ppanic,sbicol,irugos,snutan,atenui,cserru,telega}|{tdacs1,tdacs2,tdacn2,tdacn1,znicar,zluxur,zdmomo,zdgigi,zmhuet,zTIL18,zTIL25,zmB735,zTIL11,zTIL01}#{hcompr,rtuber,etrips}|{udigit,vcuspi,rrottb}	0.13038	1.19097	5.34363
N68	t3	{udigit,vcuspi,rrottb}|{pvagin,sscopa,smicro,avirgi,agerar,achine,ccitra,crefra,ttrian,hconto,blagur,ppanic,sbicol,irugos,snutan,atenui,cserru,telega}#{hcompr,rtuber,etrips}|{tdacs1,tdacs2,tdacn2,tdacn1,znicar,zluxur,zdmomo,zdgigi,zmhuet,zTIL18,zTIL25,zmB735,zTIL11,zTIL01}	0.10895	0.847149	5.34363
N66	t1	{hcompr,rtuber,etrips}|{udigit,vcuspi,rrottb,tdacs1,tdacs2,tdacn2,tdacn1,znicar,zluxur,zdmomo,zdgigi,zmhuet,zTIL18,zTIL25,zmB735,zTIL11,zTIL01}#{sscopa,smicro,avirgi,agerar,achine,ccitra,crefra,ttrian,hconto,blagur,ppanic,sbicol,irugos,snutan,atenui,cserru,telega}|{pvagin}	0.5879	2.69075	5.19947
N66	t2	{pvagin}|{udigit,vcuspi,rrottb,tdacs1,tdacs2,tdacn2,tdacn1,znicar,zluxur,zdmomo,zdgigi,zmhuet,zTIL18,zTIL25,zmB735,zTIL11,zTIL01}#{sscopa,smicro,avirgi,agerar,achine,ccitra,crefra,ttrian,hconto,blagur,ppanic,sbicol,irugos,snutan,atenui,cserru,telega}|{hcompr,rtuber,etrips}	0.254978	1.67027	5.19947
N66	t3	{hcompr,rtuber,etrips}|{pvagin}#{sscopa,smicro,avirgi,agerar,achine,ccitra,crefra,ttrian,hconto,blagur,ppanic,sbicol,irugos,snutan,atenui,cserru,telega}|{udigit,vcuspi,rrottb,tdacs1,tdacs2,tdacn2,tdacn1,znicar,zluxur,zdmomo,zdgigi,zmhuet,zTIL18,zTIL25,zmB735,zTIL11,zTIL01}	0.157122	0.838456	5.19947
